"ReferenceCollectedAtUtc","CollectedAtUtc","Category","Item","ChangeType","Before","After","Detail"
"2026-09-07T08:30:00.0000000Z","2026-10-07T08:30:00.0000000Z","Finding","COLLAB-001 Guest invitations are restricted","Regressed","Pass","Fail","Anyone in the organization, including guests, can invite guest users."
"2026-09-07T08:30:00.0000000Z","2026-10-07T08:30:00.0000000Z","Finding","ID-001 MFA is enforced for all users","Regressed","Pass","Warn","Policy 'CA002 - Require MFA for all users' would meet this check but is in report-only mode. Policy 'CA001 - Require MFA for administrators' enforces MFA for selected directory roles only; other users can sign in with a password alone."
"2026-09-07T08:30:00.0000000Z","2026-10-07T08:30:00.0000000Z","Finding","PRIV-001 Global Administrator count is within range","Regressed","Pass","Fail","6 user(s) can hold Global Administrator: 5 with an active assignment, 1 eligible only through PIM, and 0 through role-assignable groups. The target range is 2 to 4."
"2026-09-07T08:30:00.0000000Z","2026-10-07T08:30:00.0000000Z","Finding","PRIV-002 Administrators are registered for MFA","Regressed","Pass","Fail","1 of 6 administrator account(s) have not registered an MFA method."
"2026-09-07T08:30:00.0000000Z","2026-10-07T08:30:00.0000000Z","Finding","PRIV-005 Emergency access is protected from lockout","Regressed","Pass","Warn","Users who are not emergency-access accounts are excluded from enabled policies: 'CA003 - Block legacy authentication' (finance.reports@lab.example.com)."
"2026-09-07T08:30:00.0000000Z","2026-10-07T08:30:00.0000000Z","Finding","ID-003 Members are registered for MFA","NewlyAffected","1","2","lerato.ops@lab.example.com"
"2026-09-07T08:30:00.0000000Z","2026-10-07T08:30:00.0000000Z","Finding","PRIV-001 Global Administrator count is within range","NewlyAffected","0","6","breakglass-01@lab.example.com, breakglass-02@lab.example.com, lerato.ops@lab.example.com, ops.contractor@lab.example.com, sipho.it@lab.example.com, thandi.admin@lab.example.com"
"2026-09-07T08:30:00.0000000Z","2026-10-07T08:30:00.0000000Z","Finding","PRIV-002 Administrators are registered for MFA","NewlyAffected","0","1","lerato.ops@lab.example.com"
"2026-09-07T08:30:00.0000000Z","2026-10-07T08:30:00.0000000Z","Finding","PRIV-003 Administrators have phishing-resistant methods","NewlyAffected","2","3","lerato.ops@lab.example.com"
"2026-09-07T08:30:00.0000000Z","2026-10-07T08:30:00.0000000Z","Finding","PRIV-004 Global Administrator access is just-in-time","NewlyAffected","1","2","lerato.ops@lab.example.com"
"2026-09-07T08:30:00.0000000Z","2026-10-07T08:30:00.0000000Z","Finding","PRIV-005 Emergency access is protected from lockout","NewlyAffected","0","1","finance.reports@lab.example.com"
"2026-09-07T08:30:00.0000000Z","2026-10-07T08:30:00.0000000Z","Finding","ID-004 Weak authentication methods are disabled","NoLongerAffected","3","2","Voice"
"2026-09-07T08:30:00.0000000Z","2026-10-07T08:30:00.0000000Z","Finding","APP-002 Users cannot register applications","Improved","Warn","Pass","'Users can register applications' is set to No."
"2026-09-07T08:30:00.0000000Z","2026-10-07T08:30:00.0000000Z","Global Administrators","lerato.ops@lab.example.com","Added","","","Active assignment"
"2026-09-07T08:30:00.0000000Z","2026-10-07T08:30:00.0000000Z","Global Administrators","ops.contractor@lab.example.com","Added","","","Eligible assignment (PIM)"
"2026-09-07T08:30:00.0000000Z","2026-10-07T08:30:00.0000000Z","Authentication methods","Voice","Modified","enabled","disabled",""
"2026-09-07T08:30:00.0000000Z","2026-10-07T08:30:00.0000000Z","Authorization policy","allowInvitesFrom","Modified","adminsAndGuestInviters","everyone",""
"2026-09-07T08:30:00.0000000Z","2026-10-07T08:30:00.0000000Z","Authorization policy","defaultUserRolePermissions.allowedToCreateApps","Modified","True","False",""
"2026-09-07T08:30:00.0000000Z","2026-10-07T08:30:00.0000000Z","Conditional Access","CA002 - Require MFA for all users","Modified","enabled","enabledForReportingButNotEnforced","Policy state changed."
"2026-09-07T08:30:00.0000000Z","2026-10-07T08:30:00.0000000Z","Conditional Access","CA003 - Block legacy authentication","Modified","","","excludeUsers: added finance.reports@lab.example.com."
