"TenantId","CollectedAtUtc","CheckId","Category","Title","Severity","Status","OriginalStatus","Observed","Recommendation","AffectedCount","AffectedObjects","AcceptanceNote","BaselineControls","Reference"
"8a7b6c5d-0000-4e1f-9a2b-3c4d5e6f7a8b","2026-10-07T08:30:00.0000000Z","PRIV-001","Privileged access","Global Administrator count is within range","High","Fail","Fail","6 user(s) can hold Global Administrator: 5 with an active assignment, 1 eligible only through PIM, and 0 through role-assignable groups. The target range is 2 to 4.","Keep between two and four people able to hold Global Administrator (active, eligible, or through a group), including emergency-access accounts. Move day-to-day administration to least-privileged roles.","6","breakglass-01@lab.example.com; breakglass-02@lab.example.com; lerato.ops@lab.example.com; ops.contractor@lab.example.com; sipho.it@lab.example.com; thandi.admin@lab.example.com",,"CISA MS.AAD.7.1v1","https://learn.microsoft.com/en-us/entra/identity/role-based-access-control/best-practices"
"8a7b6c5d-0000-4e1f-9a2b-3c4d5e6f7a8b","2026-10-07T08:30:00.0000000Z","PRIV-002","Privileged access","Administrators are registered for MFA","High","Fail","Fail","1 of 6 administrator account(s) have not registered an MFA method.","Have every administrator register MFA now and enforce MFA for directory roles with Conditional Access. Treat an unregistered administrator as a priority account-takeover risk.","1","lerato.ops@lab.example.com",,"","https://learn.microsoft.com/en-us/entra/identity/role-based-access-control/best-practices"
"8a7b6c5d-0000-4e1f-9a2b-3c4d5e6f7a8b","2026-10-07T08:30:00.0000000Z","COLLAB-001","External collaboration","Guest invitations are restricted","Medium","Fail","Fail","Anyone in the organization, including guests, can invite guest users.","Limit guest invitations to administrators and the Guest Inviter role, and route other external access through entitlement management or an approval process.","0","",,"CISA MS.AAD.8.2v1","https://learn.microsoft.com/en-us/entra/external-id/external-collaboration-settings-configure"
"8a7b6c5d-0000-4e1f-9a2b-3c4d5e6f7a8b","2026-10-07T08:30:00.0000000Z","ID-001","Identity","MFA is enforced for all users","High","Warn","Warn","Policy 'CA002 - Require MFA for all users' would meet this check but is in report-only mode. Policy 'CA001 - Require MFA for administrators' enforces MFA for selected directory roles only; other users can sign in with a password alone.","Enable security defaults, or create a Conditional Access policy that requires MFA (preferably an authentication strength) for all users and all resources. Exclude only documented emergency-access accounts, and switch report-only policies to On after reviewing sign-in impact.","0","",,"CISA MS.AAD.3.2v2","https://learn.microsoft.com/en-us/entra/identity/conditional-access/policy-all-users-mfa-strength"
"8a7b6c5d-0000-4e1f-9a2b-3c4d5e6f7a8b","2026-10-07T08:30:00.0000000Z","PRIV-005","Privileged access","Emergency access is protected from lockout","High","Warn","Warn","Users who are not emergency-access accounts are excluded from enabled policies: 'CA003 - Block legacy authentication' (finance.reports@lab.example.com).","Keep at least two cloud-only emergency-access accounts with permanent Global Administrator, exclude at least one from every Conditional Access policy, protect them with FIDO2 keys, and remove exclusions for anyone else.","1","finance.reports@lab.example.com",,"","https://learn.microsoft.com/en-us/entra/identity/role-based-access-control/security-emergency-access"
"8a7b6c5d-0000-4e1f-9a2b-3c4d5e6f7a8b","2026-10-07T08:30:00.0000000Z","APP-001","Applications","User consent to applications is restricted","High","Warn","Warn","Users can consent to applications within these permission grant policies: microsoft-user-default-low. Confirm consent is limited to verified publishers and low-impact permissions.","Set user consent to 'Do not allow user consent', or allow consent only for verified publishers and low-impact permissions. Enable the admin consent workflow so users can request access.","0","",,"CISA MS.AAD.5.2v1","https://learn.microsoft.com/en-us/entra/identity/enterprise-apps/configure-user-consent"
"8a7b6c5d-0000-4e1f-9a2b-3c4d5e6f7a8b","2026-10-07T08:30:00.0000000Z","ID-003","Identity","Members are registered for MFA","Medium","Warn","Warn","10 of 12 member accounts (83.3%) are registered for MFA. Target 95%, minimum 80%.","Run a registration campaign or a Conditional Access registration policy for unregistered members. Review disabled, shared, and service accounts separately instead of excluding them silently.","2","lerato.ops@lab.example.com; reception@lab.example.com",,"","https://learn.microsoft.com/en-us/entra/identity/authentication/how-to-mfa-registration-campaign"
"8a7b6c5d-0000-4e1f-9a2b-3c4d5e6f7a8b","2026-10-07T08:30:00.0000000Z","ID-004","Identity","Weak authentication methods are disabled","Medium","Warn","Warn","Enabled in the authentication methods policy: SMS, email one-time passcode.","Disable SMS, voice call, and email one-time passcode in the authentication methods policy once users have Microsoft Authenticator, passkeys, or FIDO2 keys, and complete the authentication methods migration.","2","Sms; Email","Accepted risk expired on 2026-09-30 (owner it.manager@lab.example.com); renew it or fix the finding.","CISA MS.AAD.3.5v2; CISA MS.AAD.3.4v1","https://learn.microsoft.com/en-us/entra/identity/authentication/concept-authentication-methods-manage"
"8a7b6c5d-0000-4e1f-9a2b-3c4d5e6f7a8b","2026-10-07T08:30:00.0000000Z","PRIV-003","Privileged access","Administrators have phishing-resistant methods","Medium","Warn","Warn","3 of 6 administrator account(s) have no FIDO2 key, passkey, or Windows Hello for Business method registered.","Register FIDO2 security keys, passkeys, or Windows Hello for Business for administrators, then require a phishing-resistant authentication strength for admin roles.","3","thandi.admin@lab.example.com; lerato.ops@lab.example.com; helpdesk.lead@lab.example.com","Accepted risk (owner security.lead@lab.example.com, until 2026-12-31) covers 1 of 3 affected object(s); not covered: thandi.admin@lab.example.com, lerato.ops@lab.example.com.","CISA MS.AAD.3.6v1","https://learn.microsoft.com/en-us/entra/identity/conditional-access/policy-admin-phish-resistant-mfa"
"8a7b6c5d-0000-4e1f-9a2b-3c4d5e6f7a8b","2026-10-07T08:30:00.0000000Z","PRIV-004","Privileged access","Global Administrator access is just-in-time","Medium","Warn","Warn","2 account(s) hold permanent (standing) Global Administrator access outside PIM activation. 2 eligible assignment(s) exist.","Convert permanent Global Administrator assignments to eligible assignments in Privileged Identity Management, with MFA and approval on activation. Keep permanent assignments only for emergency-access accounts.","2","thandi.admin@lab.example.com; lerato.ops@lab.example.com",,"CISA MS.AAD.7.4v1","https://learn.microsoft.com/en-us/entra/id-governance/privileged-identity-management/pim-configure"
"8a7b6c5d-0000-4e1f-9a2b-3c4d5e6f7a8b","2026-10-07T08:30:00.0000000Z","ID-005","Identity","Self-service password reset is enabled and registered","Low","Warn","Warn","5 of 6 SSPR-enabled member accounts (83.3%) are registered for self-service password reset. Target 95%, minimum 80%.","Enable self-service password reset for all users and use combined registration so people register MFA and SSPR methods together. Unregistered users depend on the helpdesk, which is a social-engineering target.","1","reception@lab.example.com",,"","https://learn.microsoft.com/en-us/entra/identity/authentication/tutorial-enable-sspr"
"8a7b6c5d-0000-4e1f-9a2b-3c4d5e6f7a8b","2026-10-07T08:30:00.0000000Z","COLLAB-002","External collaboration","Guest directory access is restricted","Low","Accepted","Warn","Guest users have limited access to directory objects (the Microsoft default).","Restrict guest access to the properties and memberships of their own directory objects unless a documented business need requires broader visibility.","0","","Risk accepted by it.manager@lab.example.com until 2027-03-31, CHG-1042: The partner portal needs guests to look up project team members in the directory.","CISA MS.AAD.8.1v1","https://learn.microsoft.com/en-us/entra/identity/users/users-restrict-guest-permissions"
"8a7b6c5d-0000-4e1f-9a2b-3c4d5e6f7a8b","2026-10-07T08:30:00.0000000Z","ID-002","Identity","Legacy authentication is blocked","High","Pass","Pass","Enabled Conditional Access policy 'CA003 - Block legacy authentication' blocks Exchange ActiveSync and other legacy clients for all users (2 excluded users).","Block legacy authentication for all users with Conditional Access (client apps: Exchange ActiveSync clients and Other clients), or enable security defaults. Review sign-in logs for legacy clients before enforcing.","0","",,"CISA MS.AAD.1.1v1","https://learn.microsoft.com/en-us/entra/identity/conditional-access/policy-block-legacy-authentication"
"8a7b6c5d-0000-4e1f-9a2b-3c4d5e6f7a8b","2026-10-07T08:30:00.0000000Z","APP-002","Applications","Users cannot register applications","Medium","Pass","Pass","'Users can register applications' is set to No.","Set 'Users can register applications' to No and assign the Application Developer role to people who need it.","0","",,"CISA MS.AAD.5.1v1","https://learn.microsoft.com/en-us/entra/fundamentals/users-default-permissions"
